variant,recovery_time,final_boundary_fraction,final_transfer_efficiency,final_edge_bulk_ratio,final_coherence
full_law,,0.6551349880817771,0.46205864507420624,1.0331575902056642,0.9999998383869402
principal_branch,,0.4779584542636967,0.3057364739877787,0.9927818428313948,0.9999998780056801
no_topology_feedback,,0.4782330120446086,0.30556095209325657,0.9949597975511448,0.9999999138377695
fixed_ruler,,0.5734108579535184,0.3734224709802839,1.0901414887692447,0.9999999392246434
